{
  "name": "Weather Alert",
  "attributes": {
    "alert": {
      "schema": {
        "type": "object",
        "properties": {
          "value": {
            "type": "string"
          }
        },
        "additionalProperties": false,
        "required": [
          "value"
        ]
      }
    },
    "alertKeys": {
      "schema": {
        "type": "object",
        "properties": {
          "value": {
            "type": "string"
          }
        },
        "additionalProperties": false,
        "required": [
          "value"
        ]
      }
    }
  },
  "commands": {
  }
}
