{
  "name": "Astronomical Data",
  "attributes": {
    "localSunrise": {
      "schema": {
        "type": "object",
        "properties": {
          "value": {
            "type": "string"
          }
        },
        "additionalProperties": false,
        "required": [
          "value"
        ]
      }
    },
    "localSunset": {
      "schema": {
        "type": "object",
        "properties": {
          "value": {
            "type": "string"
          }
        },
        "additionalProperties": false,
        "required": [
          "value"
        ]
      }
    },
    "sunriseDate": {
      "schema": {
        "type": "object",
        "properties": {
          "value": {
            "type": "string"
          }
        },
        "additionalProperties": false,
        "required": [
          "value"
        ]
      }
    },
    "sunsetDate": {
      "schema": {
        "type": "object",
        "properties": {
          "value": {
            "type": "string"
          }
        },
        "additionalProperties": false,
        "required": [
          "value"
        ]
      }
    },
    "city": {
      "schema": {
        "type": "object",
        "properties": {
          "value": {
            "type": "string"
          }
        },
        "additionalProperties": false,
        "required": [
          "value"
        ]
      }
    },
    "timeZoneOffset": {
      "schema": {
        "type": "object",
        "properties": {
          "value": {
            "type": "string"
          }
        },
        "additionalProperties": false,
        "required": [
          "value"
        ]
      }
    }
  },
  "commands": {
  }
}
